mae,rmse,max_error
total,0.5795795864068934,0.8642620086659931,3.3321978111755373
elst,1.8486910165608688,3.3592578221710983,13.74584064375
exch,2.577671559360416,5.1087096710489055,23.20716652295471
ind,0.6518278432473561,1.0744745158765363,4.937291372064209
disp,1.0824031957359497,1.7903099110002012,9.45573553798462
files,energy, energy_pred, elec, elec_pred, exch, exch_pred, ind, ind_pred, disp, disp_pred
SSI-055ILE-059ILE-1-dimer.xyz,-6.63842451,[-6.7515163],-5.85862948,[-2.1712103],1.81500424,[-1.5744791],-1.19873358,[-1.2634695],-1.3960657,[-1.7423573]
supp_NMe-acetamide_DonHa--Me-carbamate_3.3_135_75_30_0_90_HH1.xyz,-0.6508,[-0.6583302],0.0,[-0.12316196],0.0,[-0.04235292],0.0,[-0.16851126],0.0,[-0.32430404]
NMe-acetamide_Indole_3.0_165_120_15_90_-135_HH1.xyz,-0.8552,[-1.0160552],0.0,[-0.34362808],0.0,[-0.06199335],0.0,[-0.28586802],0.0,[-0.32456577]
SSI-008TRP-035PHE-1-dimer.xyz,-5.538,[-5.1262894],0.0,[-0.6985749],0.0,[0.9042405],0.0,[-2.0860054],0.0,[-3.2459497]
supp_NMe-acetamide_Don--1H23triazole_3.0_90_90_30_135_0_CN0.91.xyz,-10.1083551,[-9.724968],-10.19291996,[-3.184482],4.75114087,[-0.655934],-2.60728885,[-3.1734061],-2.05928717,[-2.7111459]
SSI-005LEU-010TRP-1-dimer.xyz,-0.3463,[-0.49317512],0.0,[-0.07110014],0.0,[0.08554663],0.0,[-0.18724228],0.0,[-0.32037932]
SSI-079THR-089LEU-1-dimer.xyz,-2.0745,[-2.1527233],0.0,[-0.50171494],0.0,[-0.40540513],0.0,[-0.57362455],0.0,[-0.67197865]
SSI-045PRO-080VAL-1-dimer.xyz,-1.381,[-0.52384853],0.0,[-0.07785244],0.0,[-0.25486052],0.0,[-0.04817209],0.0,[-0.14296351]
SSI-133TRP-143MET-2-dimer.xyz,-4.63627714,[-4.5512466],-4.31750274,[-1.5831469],1.2612305,[-0.8757962],-0.61463494,[-1.1088904],-0.96536996,[-0.9834132]
SSI-019VAL-081LEU-1-dimer.xyz,0.21447528,[-0.01235387],-2.40060635,[-0.17751193],6.38508622,[0.3103007],-1.08005879,[-0.0528857],-2.68994579,[-0.09225695]
SSI-022PHE-099ALA-1-dimer.xyz,-4.3845,[-4.0959797],0.0,[-0.8264995],0.0,[0.35087377],0.0,[-1.5134337],0.0,[-2.1069202]
NMe-acetamide_Indole_3.3_165_0_30_45_0_HO0.94.xyz,-0.7676,[-0.54705906],0.0,[-0.12683187],0.0,[-0.17477426],0.0,[-0.06215724],0.0,[-0.18329568]
SSI-149LEU-152GLN-1-dimer.xyz,-0.7168,[-0.9449691],0.0,[-0.21537095],0.0,[-0.14469072],0.0,[-0.2660846],0.0,[-0.3188228]
SSI-043TYR-186TYR-1-dimer.xyz,-4.48740686,[-5.2650347],-5.61213643,[-2.0679555],7.05517436,[-0.04140872],-2.51874286,[-1.9092726],-3.41170194,[-1.2463979]
SSI-224MET-229PHE-2-dimer.xyz,-1.5195,[-1.5395147],0.0,[-0.36325622],0.0,[0.00479802],0.0,[-0.53692067],0.0,[-0.64413583]
supp_NMe-acetamide_Don--Isoquinilone_3.0_150_120_15_90_135_HH1.xyz,-2.99070201,[-3.4861674],-2.66355531,[-1.2565606],1.9922947,[-0.60205305],-0.89407967,[-0.7309098],-1.42536173,[-0.896644]
SSI-121TYR-125LEU-2-dimer.xyz,0.653,[-1.5843103],0.0,[-0.35051513],0.0,[0.19110689],0.0,[-0.6427999],0.0,[-0.7821021]
SSI-035TRP-058PHE-1-dimer.xyz,-0.9181,[-0.45262635],0.0,[-0.9012507],0.0,[1.1568297],0.0,[-0.70983315],0.0,[0.00162779]
NMe-acetamide_Indole_3.0_165_45_60_0_135_CO0.92.xyz,-8.3793,[-7.3119345],0.0,[-1.710396],0.0,[0.61694765],0.0,[-2.7835817],0.0,[-3.4349046]
SSI-215ALA-282PHE-1-dimer.xyz,-4.49150035,[-5.61987],-3.77024887,[-1.6198677],2.41118167,[-1.1978581],-1.30028736,[-1.4858818],-1.83214578,[-1.316263]
NMe-acetamide_DonHa--Me-carbamate_3.3_150_135_15_45_135_HH1.xyz,-3.57109927,[-4.1669564],-3.1329964,[-1.4280444],0.80724464,[-0.9161014],-0.48092576,[-0.87229526],-0.76442176,[-0.95051515]
SSI-011ILE-024ILE-1-dimer.xyz,-0.345,[-0.30427283],0.0,[-0.08278845],0.0,[-0.16380656],0.0,[0.00223526],0.0,[-0.05991308]
SSI-029ASN-179SER-1-dimer.xyz,-7.32508085,[-7.0941625],-7.78920544,[-2.1606045],4.76728338,[-1.634438],-1.98945151,[-1.5642484],-2.31370728,[-1.7348715]
SSI-049ALA-092TYR-1-dimer.xyz,-0.6198,[-0.78027],0.0,[-0.19683746],0.0,[-0.3324303],0.0,[-0.04703309],0.0,[-0.20396914]
SSI-013LEU-063ILE-1-dimer.xyz,-4.9325,[-3.2103264],0.0,[-1.1667295],0.0,[-0.76196337],0.0,[-0.89962035],0.0,[-0.38201338]
SSI-065GLN-088TYR-1-dimer.xyz,1.5095,[0.24903831],0.0,[0.05847189],0.0,[0.03478267],0.0,[0.01861903],0.0,[0.13716471]
NMe-acetamide_NMe-acetamide_3.3_120_105_45_-45_90_HH0.91.xyz,-2.3377,[-2.1031923],0.0,[-0.3407008],0.0,[0.28336313],0.0,[-0.84493965],0.0,[-1.200915]
SSI-049PHE-093VAL-1-dimer.xyz,-3.0829,[-2.6786256],0.0,[-0.6022961],0.0,[-0.03942352],0.0,[-0.9036304],0.0,[-1.1332754]
SSI-153TRP-158MET-1-dimer.xyz,1.6848,[1.1958888],0.0,[0.50737333],0.0,[0.39072362],0.0,[0.00351644],0.0,[0.2942754]
supp_NMe-acetamide_DonHa--Me-carbamate_3.3_90_60_30_0_0_CH0.87.xyz,-3.83484382,[-3.5598001],-3.98270879,[-1.2563694],2.59732171,[-0.8688648],-0.90527488,[-0.6820179],-1.54418185,[-0.75254834]
SSI-034VAL-046LEU-1-dimer.xyz,-1.0643,[-2.4844682],0.0,[-0.4847812],0.0,[-0.2777296],0.0,[-0.88135993],0.0,[-0.8405975]
NMe-acetamide_NMe-acetamide_2.7_165_45_60_-90_90_HH0.84.xyz,-2.6813,[-2.4337692],0.0,[-0.5979687],0.0,[0.04981267],0.0,[-0.7603257],0.0,[-1.1252875]
SSI-119ALA-160LEU-1-dimer.xyz,-1.3915,[-1.2476606],0.0,[-0.34337854],0.0,[-0.00569578],0.0,[-0.4555998],0.0,[-0.4429865]
SSI-105ASN-146GLN-1-dimer.xyz,-2.458913,[-0.79905236],-4.10015823,[-0.6518587],4.72387244,[0.32939965],-1.1968553,[-0.7146598],-1.88577191,[0.23806657]
SSI-090ALA-121PHE-1-dimer.xyz,-1.05458377,[-2.32199],-1.5086753,[-0.6943622],5.27690277,[-0.4758979],-1.47085955,[-0.51142913],-3.3519517,[-0.6403008]
NMe-acetamide_NMe-acetamide_2.85_165_120_15_135_180_HH1.xyz,-0.5309,[-0.6024337],0.0,[-0.17047614],0.0,[-0.30659917],0.0,[0.00561563],0.0,[-0.130974]
SSI-012PHE-026PHE-1-dimer.xyz,-0.2943,[-0.39104366],0.0,[-0.1152744],0.0,[-0.24741763],0.0,[0.02001037],0.0,[-0.04836202]
SSI-138TRP-243LEU-1-dimer.xyz,-1.4207,[-1.3176148],0.0,[-0.29972476],0.0,[-0.17371064],0.0,[-0.35316598],0.0,[-0.49101335]
SSI-038PHE-061VAL-2-dimer.xyz,-0.5814,[-0.7091629],0.0,[-0.3281079],0.0,[0.1582166],0.0,[-0.3480333],0.0,[-0.19123828]
SSI-046ILE-074LEU-1-dimer.xyz,-7.47362688,[-4.9011316],-9.5909902,[-1.2155161],9.29500781,[-0.7929913],-3.74034088,[-1.0691906],-3.43730362,[-1.8234339]
SSI-048LEU-077GLN-1-dimer.xyz,-2.1099,[-2.2465916],0.0,[-0.42008448],0.0,[-0.01760586],0.0,[-0.7571845],0.0,[-1.0517168]
SSI-013LEU-082VAL-1-dimer.xyz,2.96288083,[3.0057514],-1.58686773,[1.4847751],9.37699582,[0.18150628],-1.84997487,[0.83697474],-2.97727239,[0.5024953]
SSI-034LEU-038TYR-1-dimer.xyz,-5.48709891,[-5.5080185],-4.96051274,[-1.9806627],1.32777245,[-1.3984405],-0.84009597,[-0.90169895],-1.01426265,[-1.2272162]
SSI-053TYR-169MET-1-dimer.xyz,5.60824041,[7.620424],-9.61192199,[1.4673648],25.43091926,[2.2237527],-3.1184461,[1.8188453],-7.09231076,[2.1104608]
NMe-acetamide_DonHa--Me-carbamate_3.0_165_15_60_45_-90_HH1.xyz,0.4507,[-0.20255938],0.0,[-0.06018612],0.0,[-0.1271928],0.0,[0.01217014],0.0,[-0.02735061]
SSI-043LEU-161TYR-1-dimer.xyz,-7.56606321,[-7.50482],-8.66164056,[-2.565249],5.7691593,[-1.3618528],-2.19477828,[-1.7942324],-2.47880367,[-1.7834858]
supp_NMe-acetamide_DonHa--Me-carbamate_3.3_165_105_45_-135_135_HH1.xyz,-1.0909,[-1.0251119],0.0,[-0.23381531],0.0,[-0.17962041],0.0,[-0.26943642],0.0,[-0.3422397]
SSI-236ILE-260ALA-1-dimer.xyz,-1.1397,[-1.2439554],0.0,[-0.27983132],0.0,[-0.20651668],0.0,[-0.32546064],0.0,[-0.43214676]
SSI-162ALA-175TRP-1-dimer.xyz,-2.2285,[-1.7686799],0.0,[-0.43598777],0.0,[-0.03465872],0.0,[-0.566416],0.0,[-0.73161733]
supp_NMe-acetamide_Don--Isoquinilone_3.3_105_75_30_-135_-90_HH1.xyz,-1.3701,[-0.97783124],0.0,[-0.20007788],0.0,[-0.13136686],0.0,[-0.22823033],0.0,[-0.41815618]
NMe-acetamide_Don--1H23triazole_3.15_105_60_15_0_180_CH0.96.xyz,-1.82032977,[-1.7823546],-5.53061188,[-0.513199],8.28668356,[0.34411132],-1.12089093,[-0.71965754],-3.45551052,[-0.8936094]
supp_NMe-acetamide_Don--Isoquinilone_3.15_150_120_0_-135_45_HH1.xyz,-4.66578604,[-5.5334535],-3.63715792,[-1.9067373],1.53886461,[-0.69121784],-0.8711105,[-1.7567507],-1.69638223,[-1.1787477]
NMe-acetamide_DonHa--Me-carbamate_3.3_135_90_15_90_90_HH1.xyz,-1.7181,[-1.6784244],0.0,[-0.35845286],0.0,[-0.19869214],0.0,[-0.46847618],0.0,[-0.6528031]
SSI-036VAL-086TYR-1-dimer.xyz,-3.3442,[-2.7379298],0.0,[-0.5635485],0.0,[-0.29565898],0.0,[-0.79802877],0.0,[-1.0806936]
NMe-acetamide_Don--Isoquinilone_2.85_105_105_15_-90_90_HO0.92.xyz,-0.2568,[-0.3933727],0.0,[-0.10979371],0.0,[-0.21758538],0.0,[0.00453593],0.0,[-0.07052951]
NMe-acetamide_NMe-acetamide_3.3_165_75_15_90_135_HH1.xyz,-7.03542795,[-4.7153997],-10.00638488,[-1.5736711],9.8619427,[-0.5206493],-2.12793977,[-1.5064445],-4.76304601,[-1.114635]
SSI-226LEU-294TYR-1-dimer.xyz,-3.85326571,[-5.058829],-6.6557162,[-1.4498345],12.18456296,[-0.09150472],-2.03469926,[-1.7122136],-7.34741321,[-1.8052758]
SSI-025ILE-028VAL-1-dimer.xyz,-3.62870537,[-3.6095974],-5.63241846,[-1.308201],7.96537346,[-0.8553359],-2.39223469,[-0.5215516],-3.56942569,[-0.924509]
SSI-153PHE-163LEU-1-dimer.xyz,-1.7663,[-3.4606998],0.0,[-0.8903468],0.0,[-0.55946124],0.0,[-1.0503079],0.0,[-0.960584]
SSI-014ILE-085ASN-1-dimer.xyz,-6.64561021,[-5.644484],-6.26136591,[-1.9479045],2.07069619,[-0.9098312],-1.16825189,[-1.3103285],-1.28668859,[-1.4764199]
SSI-005LEU-106TYR-1-dimer.xyz,-2.1861,[-1.9050739],0.0,[-0.43390998],0.0,[-0.23644155],0.0,[-0.56933326],0.0,[-0.6653891]
NMe-acetamide_NMe-acetamide_3.3_90_120_30_-45_135_CH0.86.xyz,-0.3946,[-0.6483491],0.0,[-0.14922783],0.0,[-0.20174679],0.0,[-0.07713032],0.0,[-0.22024417]
NMe-acetamide_DonHs--Me-carbamate_3.15_150_60_60_180_-135_HH1.xyz,-4.922,[-3.6833189],0.0,[-0.6791335],0.0,[0.5121268],0.0,[-1.4762158],0.0,[-2.0400963]
SSI-005ILE-054SER-1-dimer.xyz,-8.35710373,[-7.8619127],-8.53167171,[-1.9049853],4.49949976,[-1.2206256],-2.33191756,[-2.1555915],-1.99301423,[-2.5807104]
SSI-034TRP-037TRP-1-dimer.xyz,-0.661,[-1.0066457],0.0,[-0.26005307],0.0,[-0.13433014],0.0,[-0.2652684],0.0,[-0.34699404]
SSI-114LEU-118ILE-1-dimer.xyz,-3.4018,[-3.8960085],0.0,[-0.7116963],0.0,[0.4175723],0.0,[-1.480989],0.0,[-2.1208954]
SSI-048LEU-070PHE-1-dimer.xyz,-5.012,[-2.574012],0.0,[-0.6664919],0.0,[-0.71566194],0.0,[-0.4981569],0.0,[-0.69370127]
NMe-acetamide_Don--Isoquinilone_3.3_120_150_45_135_45_OO0.94.xyz,-0.7888,[-0.9800848],0.0,[-0.22796857],0.0,[-0.18321286],0.0,[-0.25959906],0.0,[-0.30930427]
SSI-027ILE-039THR-1-dimer.xyz,0.0658237,[-3.266374],-1.41049536,[-1.4752654],7.22359959,[0.1297009],-1.62818228,[-1.221819],-4.11909825,[-0.69899046]
SSI-055ASN-058TYR-1-dimer.xyz,-2.3901,[-2.481525],0.0,[-0.63801646],0.0,[-0.20788616],0.0,[-0.75690806],0.0,[-0.87871444]
SSI-008ILE-035TRP-1-dimer.xyz,-1.058,[-1.2166364],0.0,[-0.26784223],0.0,[-0.17082554],0.0,[-0.3325576],0.0,[-0.4454111]
NMe-acetamide_Indole_3.0_150_135_60_0_135_CO0.92.xyz,1.6845,[0.61830777],0.0,[0.24070264],0.0,[0.18218157],0.0,[-0.100464],0.0,[0.29588753]
SSI-043TYR-048GLN-1-dimer.xyz,-4.88630505,[-4.935962],-4.86340792,[-1.591258],2.22969813,[-1.1564403],-0.86947491,[-1.1094493],-1.38312035,[-1.0788146]
SSI-067VAL-085ASN-1-dimer.xyz,-0.9035,[-0.42022347],0.0,[-0.07733062],0.0,[0.01925884],0.0,[-0.13884819],0.0,[-0.2233035]
NMe-acetamide_Don--1H23triazole_2.7_105_150_30_90_45_CH0.86.xyz,-0.7252,[-0.80487156],0.0,[-0.31007832],0.0,[-0.05135845],0.0,[-0.2472147],0.0,[-0.19622004]
NMe-acetamide_Don--Isoquinilone_3.15_150_150_30_-45_-90_HH1.xyz,-7.09417827,[-6.363757],-8.06270382,[-2.1435585],5.75598952,[-0.686312],-1.92044781,[-2.0191436],-2.86701616,[-1.514743]
SSI-043LEU-050PHE-1-dimer.xyz,-1.6476,[-1.8392301],0.0,[-0.5566827],0.0,[-0.049045],0.0,[-0.5920681],0.0,[-0.6414343]
NMe-acetamide_Don--1H23triazole_2.85_150_135_60_180_-90_HH1.xyz,-9.04393284,[-7.1596394],-15.84470866,[-2.3239412],17.73072308,[-0.03927225],-6.1570316,[-2.6429424],-4.77291566,[-2.1534834]
SSI-033VAL-091ASN-1-dimer.xyz,-1.0602,[-1.4343594],0.0,[-0.40908277],0.0,[-0.02863164],0.0,[-0.41674623],0.0,[-0.57989883]
supp_NMe-acetamide_DonHs--Me-carbamate_2.85_90_90_30_90_135_CN0.90.xyz,0.0401,[1.1135391],0.0,[0.3955304],0.0,[0.12803853],0.0,[0.17575786],0.0,[0.41421235]
SSI-052TYR-116PHE-1-dimer.xyz,-0.7244,[-0.7200357],0.0,[-0.17227027],0.0,[-0.12732705],0.0,[-0.20937401],0.0,[-0.21106434]
NMe-acetamide_Indole_3.15_135_90_45_90_45_HO0.95.xyz,-1.2679,[-0.67236966],0.0,[-0.04842743],0.0,[0.18082215],0.0,[-0.3320712],0.0,[-0.4726932]
NMe-acetamide_Don--1H23triazole_2.7_135_120_30_-90_-90_HH1.xyz,-1.2276,[-1.0935972],0.0,[-0.22811252],0.0,[-0.07731815],0.0,[-0.34727627],0.0,[-0.44089022]
SSI-057PHE-163ILE-1-dimer.xyz,-4.3683891,[-2.7827904],-6.47654882,[-1.0247284],7.39572192,[-0.26818985],-1.68644338,[-0.95596033],-3.60111883,[-0.5339119]
supp_NMe-acetamide_DonHs--Me-carbamate_3.3_165_30_45_-90_-45_HH1.xyz,0.21447528,[0.15402356],-2.40060635,[-0.32471],6.38508622,[0.59436715],-1.08005879,[-0.11603901],-2.68994579,[0.00040542]
NMe-acetamide_Don--Isoquinilone_3.15_150_75_0_-135_-90_HH1.xyz,-1.9419,[-2.2510285],0.0,[-0.45311487],0.0,[-0.14693135],0.0,[-0.64719814],0.0,[-1.0037843]
NMe-acetamide_Indole_3.15_105_135_60_-135_135_CH0.85.xyz,-1.6199,[-1.6615494],0.0,[-0.32066032],0.0,[-0.0271697],0.0,[-0.48367995],0.0,[-0.8300395]
SSI-043MET-060VAL-1-dimer.xyz,-0.5202,[-0.360547],0.0,[-0.06908695],0.0,[0.01517703],0.0,[-0.10681495],0.0,[-0.19982214]
SSI-021PHE-054ILE-1-dimer.xyz,-1.7992,[-1.81269],0.0,[-0.41920918],0.0,[-0.28507996],0.0,[-0.48143822],0.0,[-0.6269627]
SSI-109SER-137ASN-1-dimer.xyz,-1.2044,[-1.3241841],0.0,[-0.4605599],0.0,[-0.03942205],0.0,[-0.48538166],0.0,[-0.3388205]
NMe-acetamide_Don--Isoquinilone_2.85_165_120_15_45_-90_HH1.xyz,-7.21819521,[-6.1993523],-5.95632338,[-2.211799],2.26230475,[-0.44939947],-1.19134489,[-2.074257],-2.33283169,[-1.4638965]
SSI-005ALA-019PHE-1-dimer.xyz,-0.6532,[-0.901323],0.0,[-0.40853742],0.0,[-0.00910145],0.0,[-0.32520106],0.0,[-0.15848309]
SSI-069PHE-080TYR-1-dimer.xyz,-0.812,[-0.40499502],0.0,[-0.09328009],0.0,[0.10668385],0.0,[-0.16606131],0.0,[-0.25233746]
SSI-098PRO-102ALA-1-dimer.xyz,-1.0361,[-1.6196492],0.0,[-0.41798276],0.0,[-0.38642454],0.0,[-0.41487062],0.0,[-0.4003713]
SSI-060LEU-120VAL-1-dimer.xyz,-6.60256964,[-5.7408915],-9.83343394,[-2.0350475],9.79916831,[-0.8432216],-2.71594682,[-1.4253237],-3.8523572,[-1.4372989]
supp_NMe-acetamide_Don--Isoquinilone_3.3_120_120_30_90_-90_HH1.xyz,-0.6486,[0.5061996],0.0,[-0.9007028],0.0,[1.2834142],0.0,[-0.22551113],0.0,[0.3489993]
SSI-129LEU-277TYR-2-dimer.xyz,-6.63842451,[-5.694592],-5.85862948,[-1.7703686],1.81500424,[-1.2971648],-1.19873358,[-1.3253686],-1.3960657,[-1.3016897]
SSI-236ILE-258LEU-1-dimer.xyz,-0.5715,[-0.8048016],0.0,[-0.38521475],0.0,[0.31090936],0.0,[-0.43817997],0.0,[-0.29231623]
NMe-acetamide_Don--Isoquinilone_2.85_105_105_45_-135_135_CH0.89.xyz,-5.2546,[-5.9865503],0.0,[-1.1048816],0.0,[1.0466398],0.0,[-2.4796643],0.0,[-3.4486442]
NMe-acetamide_Don--1H23triazole_3.3_120_45_45_90_-135_CH0.94.xyz,-0.6648,[-1.2684404],0.0,[-0.46552455],0.0,[0.09626652],0.0,[-0.5006469],0.0,[-0.39853543]
supp_NMe-acetamide_Don--1H23triazole_2.85_135_135_45_-45_-45_NO0.95.xyz,-4.81456587,[-4.6513176],-3.96281941,[-1.4508606],3.30057056,[-1.0178254],-1.15153937,[-0.80623806],-3.00077766,[-1.3763933]
SSI-026PHE-030TRP-1-dimer.xyz,-1.34733165,[-3.7707715],-0.94169251,[-1.2101543],3.22163091,[-0.6511204],-1.42415302,[-1.0947139],-2.20311703,[-0.81478286]
NMe-acetamide_DonHs--Me-carbamate_2.85_135_165_30_45_45_HH1.xyz,-0.934,[-0.57308435],0.0,[-0.15356353],0.0,[-0.06803416],0.0,[-0.12644883],0.0,[-0.22503787]
SSI-025THR-045THR-1-dimer.xyz,-5.583,[-4.488952],0.0,[-1.0939449],0.0,[-0.748865],0.0,[-1.2579284],0.0,[-1.3882138]
SSI-034TYR-143MET-1-dimer.xyz,-0.7026,[-0.6348144],0.0,[-0.16947088],0.0,[-0.05799351],0.0,[-0.22593275],0.0,[-0.18141727]
SSI-113ALA-122VAL-1-dimer.xyz,0.50359943,[-0.89751023],0.10913328,[-0.5524872],4.299653,[0.16155082],-1.26508444,[-0.47531268],-2.64010241,[-0.03126112]
supp_NMe-acetamide_Don--1H23triazole_2.85_150_30_60_180_-90_CH0.93.xyz,-6.78162429,[-6.1377554],-6.4853133,[-1.9685516],3.73241865,[-1.2802538],-1.68623025,[-1.4800341],-2.34249939,[-1.4089158]
SSI-012ILE-016THR-1-dimer.xyz,-1.5903,[-1.3568459],0.0,[-0.30471206],0.0,[-0.16038379],0.0,[-0.3929169],0.0,[-0.49883318]
SSI-056ILE-059PHE-1-dimer.xyz,-1.8407,[-1.6938353],0.0,[-0.42404455],0.0,[-0.44974762],0.0,[-0.40250784],0.0,[-0.41753525]
SSI-046PHE-084LEU-1-dimer.xyz,-7.3581102,[-6.1772346],-9.5950741,[-2.0300875],8.00196916,[-1.0754963],-2.63798349,[-1.5423574],-3.12702178,[-1.5292935]
SSI-034TYR-136ALA-1-dimer.xyz,-0.2714,[-0.39103445],0.0,[-0.07834882],0.0,[-0.03801423],0.0,[-0.07941417],0.0,[-0.19525723]
SSI-016VAL-033THR-1-dimer.xyz,-1.9127,[-1.7001119],0.0,[-0.45532525],0.0,[-0.00748886],0.0,[-0.63327986],0.0,[-0.604018]
NMe-acetamide_NMe-acetamide_3.3_120_135_15_180_45_CH0.91.xyz,-1.2009,[-0.9048363],0.0,[-0.2436634],0.0,[-0.23341528],0.0,[-0.21236265],0.0,[-0.21539494]
SSI-097PHE-183ILE-1-dimer.xyz,-0.962,[-0.35432196],0.0,[-0.08292024],0.0,[-0.06334913],0.0,[-0.08862408],0.0,[-0.1194285]
SSI-011VAL-155ILE-1-dimer.xyz,-1.8141,[-1.7527966],0.0,[-0.3537844],0.0,[-0.14198187],0.0,[-0.5083613],0.0,[-0.7486692]
NMe-acetamide_DonHa--Me-carbamate_3.15_120_75_30_180_180_HH1.xyz,-6.28546022,[-5.3155246],-7.6372473,[-1.6004552],6.35021983,[-1.2290165],-2.30517983,[-1.1953499],-2.69325293,[-1.2907033]
SSI-026LEU-135ALA-1-dimer.xyz,-6.85291977,[-6.347992],-15.9865633,[-2.2407227],20.07571481,[-0.99348116],-6.13496633,[-1.4200916],-4.80710494,[-1.6936963]
NMe-acetamide_NMe-acetamide_3.0_150_0_30_90_135_CH0.95.xyz,-1.1109,[-1.0914831],0.0,[-0.46151578],0.0,[-0.2838731],0.0,[-0.0365614],0.0,[-0.30953282]
NMe-acetamide_Indole_3.15_90_75_0_-135_180_CN0.98.xyz,-0.9746,[-0.8701557],0.0,[-0.20735657],0.0,[-0.17752776],0.0,[-0.22624317],0.0,[-0.2590282]
SSI-142TYR-199THR-1-dimer.xyz,0.3455,[-0.00801076],0.0,[-0.01060816],0.0,[-0.0378795],0.0,[0.02066866],0.0,[0.01980824]
SSI-143VAL-147LEU-1-dimer.xyz,-6.20853369,[-5.6887264],-5.93162844,[-2.2940326],3.12185894,[0.26054043],-1.17584057,[-2.202746],-2.22292362,[-1.4524882]
NMe-acetamide_Don--Isoquinilone_3.15_135_90_30_90_-45_HH1.xyz,-0.79788913,[-0.7599722],-1.17226983,[-0.8478305],4.88181671,[0.68928814],-0.9401271,[-0.5760489],-3.56730891,[-0.02538096]
SSI-100VAL-283ILE-1-dimer.xyz,0.79105677,[2.7443955],-0.36096879,[0.088644],5.01451612,[1.0263352],-1.22929587,[0.5852481],-2.6331947,[1.0441681]
SSI-016LEU-072PRO-1-dimer.xyz,-5.87683607,[-5.5341687],-5.75867613,[-1.8889834],2.7362965,[-1.4169645],-1.35654516,[-0.9476683],-1.49791127,[-1.2805523]
SSI-005PRO-196ALA-1-dimer.xyz,-6.47808962,[-5.57341],-5.56584996,[-1.8950031],1.55052248,[-1.3196561],-1.02396324,[-1.0529747],-1.43879891,[-1.3057762]
SSI-059VAL-084LEU-1-dimer.xyz,-0.2471,[-0.4904217],0.0,[-0.0845768],0.0,[0.00591871],0.0,[-0.14486124],0.0,[-0.2669024]
supp_NMe-acetamide_DonHs--Me-carbamate_3.3_105_60_30_135_135_HH1.xyz,5.60824041,[8.164385],-9.61192199,[1.4103806],25.43091926,[2.5830169],-3.1184461,[1.8075633],-7.09231076,[2.3634248]
SSI-030TRP-046LEU-1-dimer.xyz,-1.2999,[-1.2319076],0.0,[-0.1413915],0.0,[-0.309497],0.0,[-0.5315223],0.0,[-0.24949682]
SSI-005LEU-030LEU-2-dimer.xyz,-0.2959,[-0.38453755],0.0,[-0.07721405],0.0,[-0.04958072],0.0,[-0.08584979],0.0,[-0.171893]
supp_NMe-acetamide_DonHa--Me-carbamate_3.0_165_165_15_90_180_HH1.xyz,-3.7609,[-1.9432019],0.0,[-0.3005843],0.0,[0.3323753],0.0,[-0.5528666],0.0,[-1.4221263]
SSI-024VAL-049ILE-1-dimer.xyz,-0.5419,[-0.59662414],0.0,[-0.14919081],0.0,[-0.24711427],0.0,[-0.03818127],0.0,[-0.16213775]
SSI-033ILE-061VAL-1-dimer.xyz,-0.9479,[-0.87256074],0.0,[-0.17507346],0.0,[-0.08501959],0.0,[-0.21298742],0.0,[-0.3994803]
SSI-023TYR-026LEU-1-dimer.xyz,-1.7306,[-1.6820173],0.0,[-0.46216124],0.0,[0.05311099],0.0,[-0.5581064],0.0,[-0.7148606]
SSI-032THR-128LEU-1-dimer.xyz,-0.7963,[-1.2611117],0.0,[-0.2978646],0.0,[-0.2983497],0.0,[-0.27990168],0.0,[-0.38499582]
SSI-198PHE-284LEU-1-dimer.xyz,-6.86025513,[-6.0892344],-7.68795522,[-2.1288948],4.79831629,[0.13062555],-2.05863018,[-2.343069],-1.91198601,[-1.7478962]
SSI-087CYS-121LEU-1-dimer.xyz,-6.10547327,[-5.082285],-5.7092406,[-1.4093343],3.20066517,[-1.2120545],-1.28705412,[-1.3657254],-2.30984372,[-1.0951707]
SSI-139TYR-148SER-1-dimer.xyz,-0.2681,[-0.5066852],0.0,[-0.10260531],0.0,[-0.08388307],0.0,[-0.09781706],0.0,[-0.22237973]
SSI-072VAL-176PHE-1-dimer.xyz,-0.5397,[-0.57897246],0.0,[-0.1750012],0.0,[-0.01909219],0.0,[-0.19164124],0.0,[-0.19323787]
NMe-acetamide_Don--Isoquinilone_2.85_165_0_45_45_-90_HH1.xyz,-0.3823,[-0.34254795],0.0,[-0.09266996],0.0,[-0.18102574],0.0,[-0.00029182],0.0,[-0.06856041]
NMe-acetamide_DonHs--Me-carbamate_3.15_150_90_15_90_90_HH1.xyz,-4.4591288,[-3.3497868],-3.8760601,[-1.3666999],2.31464902,[-0.9577397],-1.21237704,[-0.34313285],-1.68534068,[-0.68221426]
SSI-185VAL-228TYR-1-dimer.xyz,-1.1681,[-0.8383955],0.0,[-0.17865694],0.0,[-0.11719674],0.0,[-0.25013062],0.0,[-0.2924112]
SSI-007LEU-096TYR-1-dimer.xyz,-0.81,[-0.8887539],0.0,[-0.27017194],0.0,[-0.08265293],0.0,[-0.30571395],0.0,[-0.2302151]
NMe-acetamide_Don--1H23triazole_2.7_105_105_15_-135_-45_CN0.94.xyz,-2.78948876,[-3.1575768],-7.01497191,[-1.4968805],11.58587613,[0.13900489],-2.33359682,[-1.0965834],-5.02679615,[-0.7031178]
SSI-070TRP-174PRO-1-dimer.xyz,-0.4964,[-0.62480545],0.0,[-0.14798844],0.0,[-0.21594003],0.0,[-0.06303185],0.0,[-0.19784515]
SSI-039ILE-055TYR-1-dimer.xyz,-7.71619823,[-5.554234],-14.39767265,[-1.5667627],17.42474476,[-1.0578703],-5.53142532,[-1.3976552],-5.21184501,[-1.5319456]
SSI-184PHE-228VAL-1-dimer.xyz,-0.18004517,[-1.6769602],-0.07226112,[-0.8561233],1.54287647,[0.04975345],-0.5026517,[-0.57245576],-1.14800882,[-0.2981345]
SSI-069VAL-086ILE-1-dimer.xyz,-1.4926,[-1.418221],0.0,[-0.44270405],0.0,[-0.05869358],0.0,[-0.49251252],0.0,[-0.42431086]
SSI-067PRO-101ILE-1-dimer.xyz,1.48036201,[2.2835753],-1.37118067,[-0.31802803],6.91863208,[1.3728651],-1.33165638,[0.13990264],-2.73543303,[1.0888357]
SSI-034ASN-076SER-1-dimer.xyz,-1.6356,[-1.2955151],0.0,[-0.43887788],0.0,[0.29784876],0.0,[-0.60517883],0.0,[-0.5493071]
SSI-040ASN-073PHE-1-dimer.xyz,-3.34000217,[-3.1931238],-11.70889314,[-0.8380523],19.18237441,[0.59598756],-3.81027688,[-1.6053209],-7.00320656,[-1.345738]
SSI-027PHE-057VAL-1-dimer.xyz,-1.1857,[-1.7692695],0.0,[-0.30761775],0.0,[0.14712736],0.0,[-0.6629427],0.0,[-0.9458363]
SSI-088ILE-135PHE-1-dimer.xyz,-5.9873,[-5.7242165],0.0,[-1.8396097],0.0,[-1.5955166],0.0,[-0.9389165],0.0,[-1.3501736]
NMe-acetamide_Don--Isoquinilone_3.15_135_120_15_-90_-90_HH1.xyz,-5.49503254,[-4.4720964],-4.94650815,[-1.2828084],2.91302822,[-1.3489685],-1.23890947,[-0.8292624],-2.22264315,[-1.0110576]
supp_NMe-acetamide_DonHs--Me-carbamate_3.3_120_165_30_180_-45_HO0.84.xyz,-4.9062,[-3.401145],0.0,[-0.9039202],0.0,[-0.8076818],0.0,[-0.61323464],0.0,[-1.0763081]
SSI-022TRP-039TYR-1-dimer.xyz,-1.0244,[-1.2639207],0.0,[-0.3296213],0.0,[-0.05174923],0.0,[-0.41939068],0.0,[-0.46315944]
NMe-acetamide_DonHa--Me-carbamate_3.0_165_30_45_45_-45_HO0.85.xyz,-0.9666,[-0.9655403],0.0,[-0.2199344],0.0,[-0.16976546],0.0,[-0.2607472],0.0,[-0.31509322]
NMe-acetamide_DonHs--Me-carbamate_3.3_165_165_60_-45_-45_OO0.89.xyz,-5.77673755,[-5.5612016],-5.58460734,[-1.8289118],4.41200108,[-1.233924],-1.67992507,[-1.0331357],-2.92420621,[-1.4652305]
SSI-089CYS-105LEU-1-dimer.xyz,-8.87924665,[-9.46402],-8.93324118,[-2.9701056],4.27453248,[-0.6077819],-2.2751957,[-3.1738167],-1.94534226,[-2.7123156]
SSI-048GLN-070SER-1-dimer.xyz,0.2447,[-0.32170665],0.0,[-0.08356512],0.0,[-0.14686286],0.0,[-0.01225149],0.0,[-0.07902717]
SSI-078PHE-218LEU-1-dimer.xyz,-1.5331,[-1.1015424],0.0,[-0.20191325],0.0,[-0.24634778],0.0,[-0.55629176],0.0,[-0.09698947]
supp_NMe-acetamide_DonHa--Me-carbamate_3.15_120_180_45_90_-90_HO0.89.xyz,-1.0754,[-0.6873762],0.0,[-0.35310933],0.0,[0.35971746],0.0,[-0.43094498],0.0,[-0.26303935]
SSI-194PHE-233ALA-1-dimer.xyz,0.0139,[-0.39756843],0.0,[-0.07816935],0.0,[-0.0096719],0.0,[-0.10731514],0.0,[-0.20241204]
SSI-146PHE-164TRP-1-dimer.xyz,-4.1664,[-4.3542213],0.0,[-0.7207797],0.0,[0.47423986],0.0,[-1.7104521],0.0,[-2.3972292]
NMe-acetamide_Don--1H23triazole_3.15_105_90_60_90_-45_CN0.94.xyz,-5.46808412,[-5.574526],-6.52790873,[-1.9895879],4.84579595,[-1.2735652],-1.88511831,[-1.0466212],-1.90085303,[-1.2647512]
SSI-202TYR-212ILE-1-dimer.xyz,-0.6015,[-0.29199877],0.0,[-0.06585138],0.0,[-0.05144697],0.0,[-0.06605594],0.0,[-0.10864449]
SSI-007PHE-022VAL-1-dimer.xyz,-0.99254911,[-2.3753948],-1.71836918,[-0.7919825],3.60950828,[-0.6647647],-0.99839517,[-0.49307996],-1.88529303,[-0.4255675]
NMe-acetamide_Indole_2.85_165_30_45_0_180_HO0.87.xyz,-5.02515491,[-5.430114],-5.71608153,[-1.7262517],5.06810772,[-0.88332015],-1.79264817,[-1.5398387],-2.58453294,[-1.2807033]
SSI-083LEU-087LEU-1-dimer.xyz,-0.1702,[-0.3882027],0.0,[-0.10779311],0.0,[-0.21351814],0.0,[0.00331121],0.0,[-0.07020268]
supp_NMe-acetamide_DonHs--Me-carbamate_3.0_120_165_15_45_-135_HO0.99.xyz,-3.6122,[-3.6734085],0.0,[-0.69208],0.0,[-0.00834736],0.0,[-1.2470534],0.0,[-1.7259276]
SSI-162ALA-174ILE-1-dimer.xyz,-1.0601,[-2.252472],0.0,[-0.49954253],0.0,[-0.16399528],0.0,[-0.5452229],0.0,[-1.0437113]
SSI-051TRP-107PHE-1-dimer.xyz,-1.2384,[-0.96090496],0.0,[-0.20847163],0.0,[-0.07983258],0.0,[-0.2629245],0.0,[-0.40967625]
